state_id,year,ever_treated,first_treat_year,treated,gdp_growth,true_effect
0,2014,0,0,0,7.175051278158739,0.0
0,2015,0,0,0,7.394996627007048,0.0
0,2016,0,0,0,8.921844525492508,0.0
0,2017,0,0,0,7.546916319662732,0.0
0,2018,0,0,0,8.476854261143098,0.0
0,2019,0,0,0,7.706146070231412,0.0
0,2020,0,0,0,8.723396165712046,0.0
0,2021,0,0,0,8.550085142327855,0.0
0,2022,0,0,0,8.379290710445881,0.0
0,2023,0,0,0,8.537228396207208,0.0
1,2014,0,0,0,10.758914688895695,0.0
1,2015,0,0,0,11.409344637351431,0.0
1,2016,0,0,0,11.05881679644,0.0
1,2017,0,0,0,10.773505654726767,0.0
1,2018,0,0,0,10.847339749450581,0.0
1,2019,0,0,0,11.67260249547145,0.0
1,2020,0,0,0,12.475854164815608,0.0
1,2021,0,0,0,11.86630434339711,0.0
1,2022,0,0,0,11.82698937355545,0.0
1,2023,0,0,0,12.129221606411662,0.0
2,2014,0,0,0,9.321981456276024,0.0
2,2015,0,0,0,8.87867183610454,0.0
2,2016,0,0,0,8.663516970005741,0.0
2,2017,0,0,0,9.522124940452557,0.0
2,2018,0,0,0,9.283358804653417,0.0
2,2019,0,0,0,9.936858581420607,0.0
2,2020,0,0,0,9.360597804033564,0.0
2,2021,0,0,0,8.756746069562361,0.0
2,2022,0,0,0,8.78490098579978,0.0
2,2023,0,0,0,10.394444551538236,0.0
3,2014,0,0,0,11.326155506525089,0.0
3,2015,0,0,0,10.47456303949214,0.0
3,2016,0,0,0,10.472728985565444,0.0
3,2017,0,0,0,11.495044792254541,0.0
3,2018,0,0,0,10.310799805111696,0.0
3,2019,0,0,0,10.516959136655526,0.0
3,2020,0,0,0,11.385986043477962,0.0
3,2021,0,0,0,10.967020084703643,0.0
3,2022,0,0,0,11.261761712773405,0.0
3,2023,0,0,0,11.282601196871184,0.0
4,2014,0,0,0,10.402158892680923,0.0
4,2015,0,0,0,11.037112548938314,0.0
4,2016,0,0,0,10.478664071732329,0.0
4,2017,0,0,0,10.855341014919887,0.0
4,2018,0,0,0,9.608285567765945,0.0
4,2019,0,0,0,10.709012417316398,0.0
4,2020,0,0,0,10.41175648313502,0.0
4,2021,0,0,0,10.323965088069642,0.0
4,2022,0,0,0,10.59429543481708,0.0
4,2023,0,0,0,10.966309897931051,0.0
5,2014,0,0,0,10.895328464636032,0.0
5,2015,0,0,0,9.874180834588245,0.0
5,2016,0,0,0,10.652692939755234,0.0
5,2017,0,0,0,10.495292476791237,0.0
5,2018,0,0,0,10.673540646277045,0.0
5,2019,0,0,0,11.43875610611033,0.0
5,2020,0,0,0,11.30643491195999,0.0
5,2021,0,0,0,11.806076247179398,0.0
5,2022,0,0,0,11.160124353833076,0.0
5,2023,0,0,0,10.989405887622675,0.0
6,2014,0,0,0,11.63092814745613,0.0
6,2015,0,0,0,11.964105951531991,0.0
6,2016,0,0,0,12.031144235123236,0.0
6,2017,0,0,0,11.500663519779698,0.0
6,2018,0,0,0,12.188102446710317,0.0
6,2019,0,0,0,12.356971720965833,0.0
6,2020,0,0,0,13.60159457466334,0.0
6,2021,0,0,0,13.381279861537214,0.0
6,2022,0,0,0,12.116235880616971,0.0
6,2023,0,0,0,12.499165875121793,0.0
7,2014,0,0,0,9.715470096630863,0.0
7,2015,0,0,0,10.251837590567622,0.0
7,2016,0,0,0,10.804993599344535,0.0
7,2017,0,0,0,11.350117907993482,0.0
7,2018,0,0,0,10.48264917867756,0.0
7,2019,0,0,0,10.620117877515465,0.0
7,2020,0,0,0,9.973546582680036,0.0
7,2021,0,0,0,11.06585813727691,0.0
7,2022,0,0,0,10.715983891619583,0.0
7,2023,0,0,0,11.082471383866327,0.0
8,2014,0,0,0,10.919396737059994,0.0
8,2015,0,0,0,11.410695849017511,0.0
8,2016,0,0,0,10.678962930465472,0.0
8,2017,0,0,0,10.924304503448294,0.0
8,2018,0,0,0,12.822450682157939,0.0
8,2019,0,0,0,11.214115835506774,0.0
8,2020,0,0,0,11.409434336916469,0.0
8,2021,0,0,0,12.976283890304446,0.0
8,2022,0,0,0,13.610360710763993,0.0
8,2023,0,0,0,11.672043811731118,0.0
9,2014,0,0,0,9.951033660583768,0.0
9,2015,0,0,0,10.405935914448037,0.0
9,2016,0,0,0,11.199506961180578,0.0
9,2017,0,0,0,9.941729599763665,0.0
9,2018,0,0,0,10.412519216006729,0.0
9,2019,0,0,0,11.023826927008654,0.0
9,2020,0,0,0,10.952541176211092,0.0
9,2021,0,0,0,10.647080103362732,0.0
9,2022,0,0,0,10.868246656719762,0.0
9,2023,0,0,0,10.347710234792793,0.0
10,2014,0,0,0,10.459151925392636,0.0
10,2015,0,0,0,10.54504505237549,0.0
10,2016,0,0,0,10.894323742193096,0.0
10,2017,0,0,0,10.600575187970461,0.0
10,2018,0,0,0,11.214008058652539,0.0
10,2019,0,0,0,11.584596706289883,0.0
10,2020,0,0,0,11.255953461214201,0.0
10,2021,0,0,0,11.45411700157957,0.0
10,2022,0,0,0,11.404816471168903,0.0
10,2023,0,0,0,11.478280993925676,0.0
11,2014,0,0,0,10.901797434905657,0.0
11,2015,0,0,0,11.520823582513735,0.0
11,2016,0,0,0,11.413933152470335,0.0
11,2017,0,0,0,12.609160606142378,0.0
11,2018,0,0,0,12.449253902914702,0.0
11,2019,0,0,0,11.955499727955331,0.0
11,2020,0,0,0,11.481047846829696,0.0
11,2021,0,0,0,11.406370715685371,0.0
11,2022,0,0,0,12.658147928221513,0.0
11,2023,0,0,0,12.29395106425065,0.0
12,2014,0,0,0,7.325760061984473,0.0
12,2015,0,0,0,6.313395366801571,0.0
12,2016,0,0,0,7.749407601067758,0.0
12,2017,0,0,0,7.612898529395848,0.0
12,2018,0,0,0,6.930473018081429,0.0
12,2019,0,0,0,7.349925956563693,0.0
12,2020,0,0,0,7.817546962466927,0.0
12,2021,0,0,0,7.81192175946679,0.0
12,2022,0,0,0,7.73960276738689,0.0
12,2023,0,0,0,7.933944226255687,0.0
13,2014,0,0,0,9.234668878181955,0.0
13,2015,0,0,0,9.536938823336632,0.0
13,2016,0,0,0,10.296403553781975,0.0
13,2017,0,0,0,8.377328346819748,0.0
13,2018,0,0,0,9.642232435030555,0.0
13,2019,0,0,0,9.94891377797162,0.0
13,2020,0,0,0,10.108654562128946,0.0
13,2021,0,0,0,9.874700276624752,0.0
13,2022,0,0,0,9.282296676046107,0.0
13,2023,0,0,0,10.424655309142452,0.0
14,2014,0,0,0,9.922929798496503,0.0
14,2015,0,0,0,8.39232398895634,0.0
14,2016,0,0,0,9.691168698263503,0.0
14,2017,0,0,0,9.194992079852963,0.0
14,2018,0,0,0,9.428592518499986,0.0
14,2019,0,0,0,9.032805436062436,0.0
14,2020,0,0,0,9.49202660523647,0.0
14,2021,0,0,0,10.409276988763889,0.0
14,2022,0,0,0,10.150582312408263,0.0
14,2023,0,0,0,10.825410494119382,0.0
15,2014,0,0,0,9.310950248002163,0.0
15,2015,0,0,0,9.041787642978104,0.0
15,2016,0,0,0,9.79421156659721,0.0
15,2017,0,0,0,9.241740882882466,0.0
15,2018,0,0,0,9.536238391911846,0.0
15,2019,0,0,0,9.073958826745962,0.0
15,2020,0,0,0,9.355517211442917,0.0
15,2021,0,0,0,9.073532391863177,0.0
15,2022,0,0,0,10.017036270810744,0.0
15,2023,0,0,0,9.033092491955884,0.0
16,2014,0,0,0,9.840890668755463,0.0
16,2015,0,0,0,9.454389968794052,0.0
16,2016,0,0,0,10.235339044280291,0.0
16,2017,0,0,0,10.125149991912263,0.0
16,2018,0,0,0,10.760038576370034,0.0
16,2019,0,0,0,10.315102843115955,0.0
16,2020,0,0,0,9.263695369720011,0.0
16,2021,0,0,0,10.11623891109753,0.0
16,2022,0,0,0,9.663711901249226,0.0
16,2023,0,0,0,10.090575576363495,0.0
17,2014,0,0,0,13.745496839107151,0.0
17,2015,0,0,0,13.408649527917639,0.0
17,2016,0,0,0,12.840417408179418,0.0
17,2017,0,0,0,12.783023939248592,0.0
17,2018,0,0,0,13.406273668906922,0.0
17,2019,0,0,0,12.881602547778227,0.0
17,2020,0,0,0,13.2543124837705,0.0
17,2021,0,0,0,13.845887358244411,0.0
17,2022,0,0,0,14.36753864052214,0.0
17,2023,0,0,0,14.194263358581011,0.0
18,2014,0,0,0,7.122693014314463,0.0
18,2015,0,0,0,8.520521133128643,0.0
18,2016,0,0,0,8.504354555229801,0.0
18,2017,0,0,0,8.775282911299861,0.0
18,2018,0,0,0,9.476442609439117,0.0
18,2019,0,0,0,7.736718630211142,0.0
18,2020,0,0,0,8.57278605601796,0.0
18,2021,0,0,0,9.26379093001019,0.0
18,2022,0,0,0,8.277540568886543,0.0
18,2023,0,0,0,9.906312292640267,0.0
19,2014,0,0,0,12.120735015533292,0.0
19,2015,0,0,0,12.459848702104663,0.0
19,2016,0,0,0,11.851084878422064,0.0
19,2017,0,0,0,12.64343855416607,0.0
19,2018,0,0,0,12.870792487177482,0.0
19,2019,0,0,0,12.552995719251546,0.0
19,2020,0,0,0,12.65375715553231,0.0
19,2021,0,0,0,12.771728328823825,0.0
19,2022,0,0,0,12.304884076813272,0.0
19,2023,0,0,0,12.762792369062787,0.0
20,2014,0,0,0,6.557999190542211,0.0
20,2015,0,0,0,6.925957388945138,0.0
20,2016,0,0,0,7.334172580223538,0.0
20,2017,0,0,0,6.404992415779185,0.0
20,2018,0,0,0,6.971755941608602,0.0
20,2019,0,0,0,7.874988230597877,0.0
20,2020,0,0,0,6.862466342362109,0.0
20,2021,0,0,0,6.92313544812323,0.0
20,2022,0,0,0,7.535413552683987,0.0
20,2023,0,0,0,7.956453052011051,0.0
21,2014,0,0,0,9.33594296780878,0.0
21,2015,0,0,0,10.094710235246945,0.0
21,2016,0,0,0,9.958626931311713,0.0
21,2017,0,0,0,10.051139973473482,0.0
21,2018,0,0,0,10.007288190690497,0.0
21,2019,0,0,0,10.994056490201494,0.0
21,2020,0,0,0,9.827649095595428,0.0
21,2021,0,0,0,9.028468793995193,0.0
21,2022,0,0,0,10.932357120787023,0.0
21,2023,0,0,0,10.001380224550038,0.0
22,2014,0,0,0,10.379446352381526,0.0
22,2015,0,0,0,11.080281472640273,0.0
22,2016,0,0,0,9.724376359680548,0.0
22,2017,0,0,0,9.999682523156942,0.0
22,2018,0,0,0,9.924867161650583,0.0
22,2019,0,0,0,10.428437985197299,0.0
22,2020,0,0,0,11.145324433218507,0.0
22,2021,0,0,0,11.287600051616396,0.0
22,2022,0,0,0,11.263643219874288,0.0
22,2023,0,0,0,10.519123188263828,0.0
23,2014,0,0,0,10.017392944402234,0.0
23,2015,0,0,0,11.299621455413746,0.0
23,2016,0,0,0,11.136556645899388,0.0
23,2017,0,0,0,11.702137548576863,0.0
23,2018,0,0,0,11.923421475829192,0.0
23,2019,0,0,0,11.741565378747897,0.0
23,2020,0,0,0,12.152511205406483,0.0
23,2021,0,0,0,11.987050349776089,0.0
23,2022,0,0,0,12.237477015519291,0.0
23,2023,0,0,0,11.720108031283615,0.0
24,2014,0,0,0,11.332647452669981,0.0
24,2015,0,0,0,11.62084120791419,0.0
24,2016,0,0,0,12.03271739729442,0.0
24,2017,0,0,0,11.525582573473425,0.0
24,2018,0,0,0,12.083036787451768,0.0
24,2019,0,0,0,11.789533763628022,0.0
24,2020,0,0,0,11.963682075921644,0.0
24,2021,0,0,0,12.537212680597747,0.0
24,2022,0,0,0,11.225922974058633,0.0
24,2023,0,0,0,11.674216995548331,0.0
25,2014,0,0,0,10.84560177167844,0.0
25,2015,0,0,0,10.519886410475698,0.0
25,2016,0,0,0,11.44756225032226,0.0
25,2017,0,0,0,12.261411420263721,0.0
25,2018,0,0,0,11.844252437208564,0.0
25,2019,0,0,0,12.185589511370777,0.0
25,2020,0,0,0,12.731303218755246,0.0
25,2021,0,0,0,12.950537536533695,0.0
25,2022,0,0,0,12.352125503036781,0.0
25,2023,0,0,0,13.16348741518455,0.0
26,2014,0,0,0,9.348613184720179,0.0
26,2015,0,0,0,8.983850743589393,0.0
26,2016,0,0,0,9.205349679403756,0.0
26,2017,0,0,0,8.862281599220617,0.0
26,2018,0,0,0,9.2584829286363,0.0
26,2019,0,0,0,9.62354151146591,0.0
26,2020,0,0,0,10.304342365192426,0.0
26,2021,0,0,0,10.862934771086117,0.0
26,2022,0,0,0,9.411459097814605,0.0
26,2023,0,0,0,10.398963589633086,0.0
27,2014,0,0,0,8.5550244450921,0.0
27,2015,0,0,0,9.412644958902467,0.0
27,2016,0,0,0,9.209753089327002,0.0
27,2017,0,0,0,8.459843501747102,0.0
27,2018,0,0,0,9.939444910455109,0.0
27,2019,0,0,0,9.2727960582665,0.0
27,2020,0,0,0,9.408346295484089,0.0
27,2021,0,0,0,9.24042020902602,0.0
27,2022,0,0,0,9.54815477632709,0.0
27,2023,0,0,0,10.189241635018325,0.0
28,2014,0,0,0,11.621329592046106,0.0
28,2015,0,0,0,11.980282763655548,0.0
28,2016,0,0,0,12.09691268947873,0.0
28,2017,0,0,0,12.676282590278392,0.0
28,2018,0,0,0,11.944558687082118,0.0
28,2019,0,0,0,11.477522854091442,0.0
28,2020,0,0,0,12.8495629708003,0.0
28,2021,0,0,0,12.25020767646568,0.0
28,2022,0,0,0,13.073247984802997,0.0
28,2023,0,0,0,12.807640319105543,0.0
29,2014,0,0,0,9.551822585135099,0.0
29,2015,0,0,0,9.891779297259918,0.0
29,2016,0,0,0,10.792897630299919,0.0
29,2017,0,0,0,10.955881614763648,0.0
29,2018,0,0,0,10.05208191780316,0.0
29,2019,0,0,0,10.197486646895308,0.0
29,2020,0,0,0,10.755511428969964,0.0
29,2021,0,0,0,9.894560833853097,0.0
29,2022,0,0,0,10.5839265365459,0.0
29,2023,0,0,0,10.504459926259843,0.0
30,2014,0,0,0,7.6055814590529325,0.0
30,2015,0,0,0,7.131942950349453,0.0
30,2016,0,0,0,6.853843606669671,0.0
30,2017,0,0,0,6.71213563532851,0.0
30,2018,0,0,0,7.289935296829352,0.0
30,2019,0,0,0,7.719289710854489,0.0
30,2020,0,0,0,7.902031559999775,0.0
30,2021,0,0,0,9.117242934538913,0.0
30,2022,0,0,0,8.801624038277806,0.0
30,2023,0,0,0,7.867581795153343,0.0
31,2014,0,0,0,7.907279798218517,0.0
31,2015,0,0,0,7.629886453817876,0.0
31,2016,0,0,0,7.791243652972991,0.0
31,2017,0,0,0,8.12608839670073,0.0
31,2018,0,0,0,8.443011130480736,0.0
31,2019,0,0,0,8.06379633005103,0.0
31,2020,0,0,0,8.865351338360217,0.0
31,2021,0,0,0,7.8624564589218355,0.0
31,2022,0,0,0,8.536595103174173,0.0
31,2023,0,0,0,9.932262435290955,0.0
32,2014,0,0,0,8.272635299309414,0.0
32,2015,0,0,0,8.977702681299863,0.0
32,2016,0,0,0,8.40685551708338,0.0
32,2017,0,0,0,8.751483975661676,0.0
32,2018,0,0,0,8.53270383080043,0.0
32,2019,0,0,0,8.575891637414674,0.0
32,2020,0,0,0,8.371354229634067,0.0
32,2021,0,0,0,9.076246107475553,0.0
32,2022,0,0,0,8.535326833403893,0.0
32,2023,0,0,0,9.393888046153492,0.0
33,2014,0,0,0,11.536964990330484,0.0
33,2015,0,0,0,11.277587191726143,0.0
33,2016,0,0,0,11.051197121329682,0.0
33,2017,0,0,0,11.521304277761878,0.0
33,2018,0,0,0,11.239984960334322,0.0
33,2019,0,0,0,11.962095050840103,0.0
33,2020,0,0,0,10.678618445999966,0.0
33,2021,0,0,0,11.526517804048204,0.0
33,2022,0,0,0,10.79891549054553,0.0
33,2023,0,0,0,11.146791072993926,0.0
34,2014,0,0,0,10.966782587048087,0.0
34,2015,0,0,0,10.832443963126973,0.0
34,2016,0,0,0,10.125111355498735,0.0
34,2017,0,0,0,9.833599744120683,0.0
34,2018,0,0,0,9.202587053220306,0.0
34,2019,0,0,0,10.513103718174815,0.0
34,2020,0,0,0,12.095058978264833,0.0
34,2021,0,0,0,11.202293607872955,0.0
34,2022,0,0,0,10.805065329116387,0.0
34,2023,0,0,0,11.417391576891285,0.0
35,2014,0,0,0,10.600491531638314,0.0
35,2015,0,0,0,11.332309026786717,0.0
35,2016,0,0,0,11.630709444643404,0.0
35,2017,0,0,0,11.637920382225012,0.0
35,2018,0,0,0,12.176373768980577,0.0
35,2019,0,0,0,12.053293321253562,0.0
35,2020,0,0,0,12.315133717189534,0.0
35,2021,0,0,0,11.736784567020155,0.0
35,2022,0,0,0,12.62987841234081,0.0
35,2023,0,0,0,13.095439181947532,0.0
36,2014,1,2018,0,8.660419947501227,0.0
36,2015,1,2018,0,8.801646879469653,0.0
36,2016,1,2018,0,10.013386875487049,0.0
36,2017,1,2018,0,9.349822713979403,0.0
36,2018,1,2018,1,12.247405403360212,2.0
36,2019,1,2018,1,11.62422685138084,2.2
36,2020,1,2018,1,12.873017495462289,2.4
36,2021,1,2018,1,12.511237615729657,2.6
36,2022,1,2018,1,12.874609118988282,2.8
36,2023,1,2018,1,13.827853718161885,3.0
37,2014,1,2022,0,10.136194143431343,0.0
37,2015,1,2022,0,9.94651833419095,0.0
37,2016,1,2022,0,10.29279727813925,0.0
37,2017,1,2022,0,10.843246357474998,0.0
37,2018,1,2022,0,9.934199846063171,0.0
37,2019,1,2022,0,11.135814833478989,0.0
37,2020,1,2022,0,10.647693723344556,0.0
37,2021,1,2022,0,11.59098571252021,0.0
37,2022,1,2022,1,11.919949229703194,2.0
37,2023,1,2022,1,13.023796494601344,2.2
38,2014,1,2020,0,10.407946712317623,0.0
38,2015,1,2020,0,10.938066054752698,0.0
38,2016,1,2020,0,11.575013738489144,0.0
38,2017,1,2020,0,11.461567475209797,0.0
38,2018,1,2020,0,11.524492003460667,0.0
38,2019,1,2020,0,11.671588352244644,0.0
38,2020,1,2020,1,13.952874908244645,2.0
38,2021,1,2020,1,13.646912766963121,2.2
38,2022,1,2020,1,14.8046056083842,2.4
38,2023,1,2020,1,15.082513773127415,2.6
39,2014,1,2020,0,9.573825889387575,0.0
39,2015,1,2020,0,9.759573641935155,0.0
39,2016,1,2020,0,9.729515920963854,0.0
39,2017,1,2020,0,10.698843571925059,0.0
39,2018,1,2020,0,9.73775983503327,0.0
39,2019,1,2020,0,9.727765311392236,0.0
39,2020,1,2020,1,11.604543130380835,2.0
39,2021,1,2020,1,11.765175585270605,2.2
39,2022,1,2020,1,11.959071026758988,2.4
39,2023,1,2020,1,12.436908263944066,2.6
40,2014,1,2020,0,10.878210284288787,0.0
40,2015,1,2020,0,11.18069803936368,0.0
40,2016,1,2020,0,11.139121504390904,0.0
40,2017,1,2020,0,10.830782836399967,0.0
40,2018,1,2020,0,11.763642757124805,0.0
40,2019,1,2020,0,11.783256811265296,0.0
40,2020,1,2020,1,13.433726321403814,2.0
40,2021,1,2020,1,13.487092402782467,2.2
40,2022,1,2020,1,14.387764435529723,2.4
40,2023,1,2020,1,14.507537268857876,2.6
41,2014,1,2022,0,7.952084488159174,0.0
41,2015,1,2022,0,8.742157989874494,0.0
41,2016,1,2022,0,9.007166023903887,0.0
41,2017,1,2022,0,8.526300724622821,0.0
41,2018,1,2022,0,9.171069814285419,0.0
41,2019,1,2022,0,8.448736875237802,0.0
41,2020,1,2022,0,9.944241167872782,0.0
41,2021,1,2022,0,10.000123110396412,0.0
41,2022,1,2022,1,11.349889450715215,2.0
41,2023,1,2022,1,11.957875286786233,2.2
42,2014,1,2018,0,8.068931323969919,0.0
42,2015,1,2018,0,8.79571847673719,0.0
42,2016,1,2018,0,9.32700284679379,0.0
42,2017,1,2018,0,9.037825796156428,0.0
42,2018,1,2018,1,12.031090548185185,2.0
42,2019,1,2018,1,12.972540572243854,2.2
42,2020,1,2018,1,11.685584947155204,2.4
42,2021,1,2018,1,12.155160604827259,2.6
42,2022,1,2018,1,12.991616491024821,2.8
42,2023,1,2018,1,13.979450381119667,3.0
43,2014,1,2022,0,8.625337055733391,0.0
43,2015,1,2022,0,9.461042273156814,0.0
43,2016,1,2022,0,10.347173637409895,0.0
43,2017,1,2022,0,8.71064463791371,0.0
43,2018,1,2022,0,8.995989608580427,0.0
43,2019,1,2022,0,9.524720908772924,0.0
43,2020,1,2022,0,9.576230005575637,0.0
43,2021,1,2022,0,10.342824855880163,0.0
43,2022,1,2022,1,12.157354071913762,2.0
43,2023,1,2022,1,11.44904318218228,2.2
44,2014,1,2018,0,7.8660259102723264,0.0
44,2015,1,2018,0,7.419551265144095,0.0
44,2016,1,2018,0,8.44554431729254,0.0
44,2017,1,2018,0,7.594526940603461,0.0
44,2018,1,2018,1,9.690013067270804,2.0
44,2019,1,2018,1,10.578886514224186,2.2
44,2020,1,2018,1,10.98978394999039,2.4
44,2021,1,2018,1,11.132370390790022,2.6
44,2022,1,2018,1,10.365522050129519,2.8
44,2023,1,2018,1,11.777337928786046,3.0
45,2014,1,2018,0,10.456790935733965,0.0
45,2015,1,2018,0,11.191583017365295,0.0
45,2016,1,2018,0,10.462077743871633,0.0
45,2017,1,2018,0,11.497106035342696,0.0
45,2018,1,2018,1,12.970645509417478,2.0
45,2019,1,2018,1,13.032627636440901,2.2
45,2020,1,2018,1,14.330855029812364,2.4
45,2021,1,2018,1,14.394767222409538,2.6
45,2022,1,2018,1,14.266956560874716,2.8
45,2023,1,2018,1,15.599534386081697,3.0
46,2014,1,2020,0,8.840869108809683,0.0
46,2015,1,2020,0,9.17724915658002,0.0
46,2016,1,2020,0,9.395652043433852,0.0
46,2017,1,2020,0,9.051362352530248,0.0
46,2018,1,2020,0,9.696763466294518,0.0
46,2019,1,2020,0,9.29446914601219,0.0
46,2020,1,2020,1,11.455376158486448,2.0
46,2021,1,2020,1,12.642516639496222,2.2
46,2022,1,2020,1,11.740902293338337,2.4
46,2023,1,2020,1,11.354805154129808,2.6
47,2014,1,2022,0,10.830456734961322,0.0
47,2015,1,2022,0,11.399652213758877,0.0
47,2016,1,2022,0,10.022353604730709,0.0
47,2017,1,2022,0,9.356569217145283,0.0
47,2018,1,2022,0,10.269746249357404,0.0
47,2019,1,2022,0,10.38187676253504,0.0
47,2020,1,2022,0,10.530026316944246,0.0
47,2021,1,2022,0,10.16829421649445,0.0
47,2022,1,2022,1,13.114768808693615,2.0
47,2023,1,2022,1,13.387241925098419,2.2
48,2014,1,2022,0,10.214290507902165,0.0
48,2015,1,2022,0,11.411091683659262,0.0
48,2016,1,2022,0,12.187835808784763,0.0
48,2017,1,2022,0,11.347473484030349,0.0
48,2018,1,2022,0,11.192830736777566,0.0
48,2019,1,2022,0,11.390491710608059,0.0
48,2020,1,2022,0,11.869121701296098,0.0
48,2021,1,2022,0,10.796157515058209,0.0
48,2022,1,2022,1,13.843688669300471,2.0
48,2023,1,2022,1,13.866261343080415,2.2
49,2014,1,2022,0,11.816974858537911,0.0
49,2015,1,2022,0,10.905975985157408,0.0
49,2016,1,2022,0,11.927006157619648,0.0
49,2017,1,2022,0,10.641192003168884,0.0
49,2018,1,2022,0,11.586691935461284,0.0
49,2019,1,2022,0,11.552762483955503,0.0
49,2020,1,2022,0,11.058538728127496,0.0
49,2021,1,2022,0,11.681760409378358,0.0
49,2022,1,2022,1,14.299321770475688,2.0
49,2023,1,2022,1,13.831166499916586,2.2
50,2014,1,2022,0,10.48478889336069,0.0
50,2015,1,2022,0,11.42198880470685,0.0
50,2016,1,2022,0,11.079558670549314,0.0
50,2017,1,2022,0,11.459599748613632,0.0
50,2018,1,2022,0,11.689976333103012,0.0
50,2019,1,2022,0,10.977944109937813,0.0
50,2020,1,2022,0,11.122941048285233,0.0
50,2021,1,2022,0,12.271803635708334,0.0
50,2022,1,2022,1,13.869410869860733,2.0
50,2023,1,2022,1,13.148398047035288,2.2
51,2014,1,2022,0,10.19545104928522,0.0
51,2015,1,2022,0,10.039213908618272,0.0
51,2016,1,2022,0,9.64609161896291,0.0
51,2017,1,2022,0,9.444613925452032,0.0
51,2018,1,2022,0,10.62093297913832,0.0
51,2019,1,2022,0,10.477704342261367,0.0
51,2020,1,2022,0,11.594330172323188,0.0
51,2021,1,2022,0,10.71312333034362,0.0
51,2022,1,2022,1,12.79688060161216,2.0
51,2023,1,2022,1,12.81956506592687,2.2
52,2014,1,2020,0,9.561791309512088,0.0
52,2015,1,2020,0,9.565945976535769,0.0
52,2016,1,2020,0,9.979265880194289,0.0
52,2017,1,2020,0,9.19274191659305,0.0
52,2018,1,2020,0,9.335699639439712,0.0
52,2019,1,2020,0,9.413851790455702,0.0
52,2020,1,2020,1,12.148804236501187,2.0
52,2021,1,2020,1,12.802590596060059,2.2
52,2022,1,2020,1,12.123983129337043,2.4
52,2023,1,2020,1,12.441016512015146,2.6
53,2014,1,2018,0,9.997602190122102,0.0
53,2015,1,2018,0,9.817682828180752,0.0
53,2016,1,2018,0,10.516590404757146,0.0
53,2017,1,2018,0,9.01467493287768,0.0
53,2018,1,2018,1,11.827211054728755,2.0
53,2019,1,2018,1,12.14935541120648,2.2
53,2020,1,2018,1,11.68038557199413,2.4
53,2021,1,2018,1,12.6587443560028,2.6
53,2022,1,2018,1,12.98298552026424,2.8
53,2023,1,2018,1,13.640011250927788,3.0
54,2014,1,2022,0,7.181814077914072,0.0
54,2015,1,2022,0,6.602800806488589,0.0
54,2016,1,2022,0,6.309924271948364,0.0
54,2017,1,2022,0,6.896853861477176,0.0
54,2018,1,2022,0,7.5499179428046155,0.0
54,2019,1,2022,0,6.637351724026487,0.0
54,2020,1,2022,0,6.770043690123217,0.0
54,2021,1,2022,0,7.604605611721052,0.0
54,2022,1,2022,1,9.31456307421854,2.0
54,2023,1,2022,1,10.049073477438679,2.2
55,2014,1,2020,0,7.098951659256177,0.0
55,2015,1,2020,0,7.556606879198609,0.0
55,2016,1,2020,0,6.788235998133506,0.0
55,2017,1,2020,0,7.399732729759692,0.0
55,2018,1,2020,0,7.400430047972248,0.0
55,2019,1,2020,0,6.997829593101761,0.0
55,2020,1,2020,1,8.924036081219482,2.0
55,2021,1,2020,1,10.348649572791157,2.2
55,2022,1,2020,1,10.130298864044835,2.4
55,2023,1,2020,1,10.094634914330161,2.6
56,2014,1,2020,0,7.306511306829529,0.0
56,2015,1,2020,0,8.018610203965846,0.0
56,2016,1,2020,0,6.4142318526052335,0.0
56,2017,1,2020,0,6.906281430339532,0.0
56,2018,1,2020,0,7.293157554343562,0.0
56,2019,1,2020,0,8.58519020865136,0.0
56,2020,1,2020,1,10.095894266750845,2.0
56,2021,1,2020,1,10.638259395521809,2.2
56,2022,1,2020,1,9.98452031572808,2.4
56,2023,1,2020,1,10.294832837655932,2.6
57,2014,1,2020,0,8.22941320315839,0.0
57,2015,1,2020,0,8.134643510264759,0.0
57,2016,1,2020,0,8.479875754229099,0.0
57,2017,1,2020,0,8.21167084933281,0.0
57,2018,1,2020,0,8.54457820802435,0.0
57,2019,1,2020,0,8.58456588724959,0.0
57,2020,1,2020,1,10.994390039339498,2.0
57,2021,1,2020,1,11.30901048576927,2.2
57,2022,1,2020,1,10.395570347601153,2.4
57,2023,1,2020,1,10.381872067126608,2.6
58,2014,1,2018,0,11.300421152272627,0.0
58,2015,1,2018,0,11.49341100007784,0.0
58,2016,1,2018,0,10.489236943690203,0.0
58,2017,1,2018,0,10.16963075017406,0.0
58,2018,1,2018,1,13.249065863950474,2.0
58,2019,1,2018,1,13.96496756662214,2.2
58,2020,1,2018,1,14.698345714664029,2.4
58,2021,1,2018,1,14.357697239497597,2.6
58,2022,1,2018,1,14.213690105154026,2.8
58,2023,1,2018,1,14.252983142654442,3.0
59,2014,1,2022,0,8.194767535115204,0.0
59,2015,1,2022,0,8.139409537337249,0.0
59,2016,1,2022,0,7.881507936415469,0.0
59,2017,1,2022,0,9.513419714711521,0.0
59,2018,1,2022,0,9.481626090315944,0.0
59,2019,1,2022,0,9.257066231057593,0.0
59,2020,1,2022,0,8.328616690375313,0.0
59,2021,1,2022,0,9.316551551428516,0.0
59,2022,1,2022,1,11.308855094028829,2.0
59,2023,1,2022,1,11.510314701381906,2.2
60,2014,1,2022,0,9.868507525443109,0.0
60,2015,1,2022,0,9.661360463351858,0.0
60,2016,1,2022,0,9.813682010073387,0.0
60,2017,1,2022,0,9.862128033607325,0.0
60,2018,1,2022,0,9.814070595922272,0.0
60,2019,1,2022,0,8.851869327064128,0.0
60,2020,1,2022,0,9.885485430626499,0.0
60,2021,1,2022,0,9.665578912496656,0.0
60,2022,1,2022,1,11.403754413101211,2.0
60,2023,1,2022,1,13.184583201571634,2.2
61,2014,1,2020,0,13.462954266014982,0.0
61,2015,1,2020,0,13.378066895719936,0.0
61,2016,1,2020,0,12.926063304000067,0.0
61,2017,1,2020,0,13.57376915604846,0.0
61,2018,1,2020,0,13.004483185873044,0.0
61,2019,1,2020,0,13.19985523402102,0.0
61,2020,1,2020,1,14.651720910341139,2.0
61,2021,1,2020,1,15.69695224782155,2.2
61,2022,1,2020,1,15.82864955978434,2.4
61,2023,1,2020,1,15.447130537154898,2.6
62,2014,1,2020,0,9.26187350196885,0.0
62,2015,1,2020,0,9.347607275948743,0.0
62,2016,1,2020,0,10.386252641199468,0.0
62,2017,1,2020,0,10.034578722133853,0.0
62,2018,1,2020,0,9.693194777422882,0.0
62,2019,1,2020,0,9.91186571277769,0.0
62,2020,1,2020,1,11.909578246929247,2.0
62,2021,1,2020,1,12.086015065479375,2.2
62,2022,1,2020,1,11.946258459183005,2.4
62,2023,1,2020,1,12.711946119073684,2.6
63,2014,1,2022,0,11.101982008607918,0.0
63,2015,1,2022,0,10.9498733674726,0.0
63,2016,1,2022,0,11.930642044207941,0.0
63,2017,1,2022,0,11.970663466900792,0.0
63,2018,1,2022,0,10.981677381250135,0.0
63,2019,1,2022,0,11.91368881818661,0.0
63,2020,1,2022,0,12.572881829884135,0.0
63,2021,1,2022,0,12.704643006382334,0.0
63,2022,1,2022,1,14.787949558376793,2.0
63,2023,1,2022,1,14.594487740384904,2.2
64,2014,1,2020,0,7.710241975995671,0.0
64,2015,1,2020,0,7.6909152263012155,0.0
64,2016,1,2020,0,8.505067092355425,0.0
64,2017,1,2020,0,8.622404657162829,0.0
64,2018,1,2020,0,9.17643019578278,0.0
64,2019,1,2020,0,9.182754465151287,0.0
64,2020,1,2020,1,10.66665031171466,2.0
64,2021,1,2020,1,10.410661700549813,2.2
64,2022,1,2020,1,11.173211341474799,2.4
64,2023,1,2020,1,11.741380237385508,2.6
65,2014,1,2020,0,9.488083261570038,0.0
65,2015,1,2020,0,9.40017783022591,0.0
65,2016,1,2020,0,9.915567291749689,0.0
65,2017,1,2020,0,9.637146013559436,0.0
65,2018,1,2020,0,9.675091842402052,0.0
65,2019,1,2020,0,10.244851301416459,0.0
65,2020,1,2020,1,11.988128594200138,2.0
65,2021,1,2020,1,12.611177078753917,2.2
65,2022,1,2020,1,12.925726895690802,2.4
65,2023,1,2020,1,12.519410383718952,2.6
66,2014,1,2020,0,7.8593353282461305,0.0
66,2015,1,2020,0,8.918844360137069,0.0
66,2016,1,2020,0,7.7189161338116925,0.0
66,2017,1,2020,0,7.341628665693572,0.0
66,2018,1,2020,0,7.569033313557582,0.0
66,2019,1,2020,0,8.61451086346717,0.0
66,2020,1,2020,1,10.715414529195186,2.0
66,2021,1,2020,1,10.941150462466275,2.2
66,2022,1,2020,1,11.907050804643088,2.4
66,2023,1,2020,1,10.263538673627368,2.6
67,2014,1,2018,0,9.519900785414286,0.0
67,2015,1,2018,0,10.20265294910066,0.0
67,2016,1,2018,0,8.958043465753017,0.0
67,2017,1,2018,0,9.432030592303928,0.0
67,2018,1,2018,1,11.345487889584565,2.0
67,2019,1,2018,1,11.574760825160109,2.2
67,2020,1,2018,1,12.158802845687354,2.4
67,2021,1,2018,1,13.335676490041125,2.6
67,2022,1,2018,1,13.840627185942635,2.8
67,2023,1,2018,1,13.053964235678801,3.0
68,2014,1,2018,0,12.633146381947025,0.0
68,2015,1,2018,0,11.798404513407101,0.0
68,2016,1,2018,0,12.75746178826533,0.0
68,2017,1,2018,0,11.933966950088045,0.0
68,2018,1,2018,1,14.146145187937863,2.0
68,2019,1,2018,1,14.563353511236206,2.2
68,2020,1,2018,1,16.270043114598558,2.4
68,2021,1,2018,1,15.406259062337183,2.6
68,2022,1,2018,1,14.92698400993906,2.8
68,2023,1,2018,1,16.06511521005272,3.0
69,2014,1,2020,0,6.3644428850731325,0.0
69,2015,1,2020,0,6.400484062164698,0.0
69,2016,1,2020,0,7.199659833561359,0.0
69,2017,1,2020,0,6.86090194750088,0.0
69,2018,1,2020,0,7.084647110871207,0.0
69,2019,1,2020,0,7.052351764547949,0.0
69,2020,1,2020,1,9.313650716918021,2.0
69,2021,1,2020,1,9.657842102333378,2.2
69,2022,1,2020,1,8.776875687262594,2.4
69,2023,1,2020,1,10.37864548792007,2.6
70,2014,1,2022,0,10.377837577176564,0.0
70,2015,1,2022,0,10.247697719312008,0.0
70,2016,1,2022,0,11.039641665162373,0.0
70,2017,1,2022,0,11.210837788748943,0.0
70,2018,1,2022,0,10.922094204805575,0.0
70,2019,1,2022,0,11.784363215925701,0.0
70,2020,1,2022,0,10.79775970390626,0.0
70,2021,1,2022,0,11.365375412705434,0.0
70,2022,1,2022,1,13.376410219625216,2.0
70,2023,1,2022,1,13.945553651922046,2.2
71,2014,1,2018,0,10.614903346988175,0.0
71,2015,1,2018,0,10.071524729852783,0.0
71,2016,1,2018,0,11.037612543392669,0.0
71,2017,1,2018,0,10.806972388831907,0.0
71,2018,1,2018,1,11.929498078008601,2.0
71,2019,1,2018,1,12.196175484466043,2.2
71,2020,1,2018,1,13.4693115581999,2.4
71,2021,1,2018,1,13.664987545771378,2.6
71,2022,1,2018,1,14.02376114787724,2.8
71,2023,1,2018,1,14.361479976399448,3.0
72,2014,1,2022,0,8.9244800083615,0.0
72,2015,1,2022,0,9.38552489353056,0.0
72,2016,1,2022,0,8.456147638147632,0.0
72,2017,1,2022,0,8.525714292156014,0.0
72,2018,1,2022,0,8.66503815966272,0.0
72,2019,1,2022,0,9.456158422190764,0.0
72,2020,1,2022,0,10.034173777929634,0.0
72,2021,1,2022,0,9.296030369486655,0.0
72,2022,1,2022,1,10.360850166526586,2.0
72,2023,1,2022,1,11.059703657301224,2.2
73,2014,1,2022,0,6.691365929825085,0.0
73,2015,1,2022,0,6.929019847475483,0.0
73,2016,1,2022,0,7.103689977595727,0.0
73,2017,1,2022,0,7.427174852713549,0.0
73,2018,1,2022,0,7.352011125811867,0.0
73,2019,1,2022,0,8.132554096494793,0.0
73,2020,1,2022,0,7.369875638382406,0.0
73,2021,1,2022,0,7.376725311485319,0.0
73,2022,1,2022,1,10.147322060483322,2.0
73,2023,1,2022,1,9.440063256260032,2.2
74,2014,1,2018,0,10.33910486808774,0.0
74,2015,1,2018,0,10.295535607290873,0.0
74,2016,1,2018,0,10.270537770468655,0.0
74,2017,1,2018,0,11.238397069002371,0.0
74,2018,1,2018,1,12.233155292780381,2.0
74,2019,1,2018,1,13.874408100689777,2.2
74,2020,1,2018,1,13.031543290813689,2.4
74,2021,1,2018,1,12.805750792942623,2.6
74,2022,1,2018,1,13.779218805925153,2.8
74,2023,1,2018,1,13.506136415268355,3.0
75,2014,1,2020,0,8.565136657965645,0.0
75,2015,1,2020,0,9.23953123188014,0.0
75,2016,1,2020,0,9.418805626197457,0.0
75,2017,1,2020,0,8.929930731745266,0.0
75,2018,1,2020,0,9.834717154395596,0.0
75,2019,1,2020,0,10.019768460882961,0.0
75,2020,1,2020,1,12.25916546015404,2.0
75,2021,1,2020,1,12.105721285435255,2.2
75,2022,1,2020,1,12.822728937915246,2.4
75,2023,1,2020,1,11.500615367885366,2.6
76,2014,1,2018,0,10.306399148395176,0.0
76,2015,1,2018,0,10.131849794547694,0.0
76,2016,1,2018,0,10.724965353273104,0.0
76,2017,1,2018,0,10.47962781311104,0.0
76,2018,1,2018,1,12.782273501734542,2.0
76,2019,1,2018,1,14.106439862811433,2.2
76,2020,1,2018,1,13.38049252449922,2.4
76,2021,1,2018,1,13.972248581304514,2.6
76,2022,1,2018,1,13.949217757747292,2.8
76,2023,1,2018,1,14.403209066687825,3.0
77,2014,1,2022,0,10.046712631264922,0.0
77,2015,1,2022,0,10.367866324033466,0.0
77,2016,1,2022,0,10.826358058820475,0.0
77,2017,1,2022,0,11.167401289848552,0.0
77,2018,1,2022,0,10.59851433200147,0.0
77,2019,1,2022,0,10.838477734064687,0.0
77,2020,1,2022,0,10.068272036454102,0.0
77,2021,1,2022,0,10.699765919839075,0.0
77,2022,1,2022,1,13.31384902348868,2.0
77,2023,1,2022,1,13.576688610255465,2.2
78,2014,1,2022,0,13.309362649039356,0.0
78,2015,1,2022,0,13.746754762425807,0.0
78,2016,1,2022,0,13.648941137138738,0.0
78,2017,1,2022,0,14.103710911771492,0.0
78,2018,1,2022,0,13.748237361120387,0.0
78,2019,1,2022,0,13.525708624856312,0.0
78,2020,1,2022,0,13.971478411108341,0.0
78,2021,1,2022,0,12.438260594715441,0.0
78,2022,1,2022,1,16.195000650834356,2.0
78,2023,1,2022,1,14.47935137003444,2.2
79,2014,1,2020,0,8.659557041351242,0.0
79,2015,1,2020,0,9.847173045524443,0.0
79,2016,1,2020,0,9.960053413687348,0.0
79,2017,1,2020,0,9.240074354983987,0.0
79,2018,1,2020,0,9.565237724114482,0.0
79,2019,1,2020,0,10.706559239361017,0.0
79,2020,1,2020,1,11.879273679267612,2.0
79,2021,1,2020,1,13.542748901255443,2.2
79,2022,1,2020,1,12.720328818465779,2.4
79,2023,1,2020,1,13.225306833494585,2.6
80,2014,1,2018,0,8.761442214005573,0.0
80,2015,1,2018,0,8.11851857285298,0.0
80,2016,1,2018,0,7.651833024410869,0.0
80,2017,1,2018,0,8.198141288909126,0.0
80,2018,1,2018,1,10.335199646661225,2.0
80,2019,1,2018,1,9.970634188655488,2.2
80,2020,1,2018,1,10.825088979085859,2.4
80,2021,1,2018,1,10.88190896775755,2.6
80,2022,1,2018,1,12.015183893349986,2.8
80,2023,1,2018,1,11.870310951848898,3.0
81,2014,1,2022,0,10.217153395338848,0.0
81,2015,1,2022,0,10.405460304601345,0.0
81,2016,1,2022,0,10.670112279115715,0.0
81,2017,1,2022,0,10.966958369757524,0.0
81,2018,1,2022,0,10.258695155577943,0.0
81,2019,1,2022,0,10.337757453601997,0.0
81,2020,1,2022,0,11.510890877613898,0.0
81,2021,1,2022,0,10.852382833810267,0.0
81,2022,1,2022,1,12.450130223614197,2.0
81,2023,1,2022,1,13.680457624604186,2.2
82,2014,1,2020,0,10.671678270959875,0.0
82,2015,1,2020,0,9.774635739315178,0.0
82,2016,1,2020,0,10.754734225675334,0.0
82,2017,1,2020,0,11.107784914157719,0.0
82,2018,1,2020,0,11.027186593796664,0.0
82,2019,1,2020,0,11.25598410982423,0.0
82,2020,1,2020,1,12.337858818898155,2.0
82,2021,1,2020,1,13.505513445441629,2.2
82,2022,1,2020,1,13.48868348820831,2.4
82,2023,1,2020,1,13.69859828858121,2.6
83,2014,1,2022,0,13.153652955190736,0.0
83,2015,1,2022,0,13.558012405817989,0.0
83,2016,1,2022,0,13.815560177781053,0.0
83,2017,1,2022,0,13.675779086233828,0.0
83,2018,1,2022,0,13.063508059665782,0.0
83,2019,1,2022,0,13.394735231994046,0.0
83,2020,1,2022,0,13.701786586372995,0.0
83,2021,1,2022,0,13.478964125130604,0.0
83,2022,1,2022,1,15.583757244436647,2.0
83,2023,1,2022,1,16.230251716418966,2.2
84,2014,1,2022,0,11.640581168816192,0.0
84,2015,1,2022,0,11.405579023642327,0.0
84,2016,1,2022,0,11.662985958911229,0.0
84,2017,1,2022,0,12.28717768069603,0.0
84,2018,1,2022,0,12.071719137429136,0.0
84,2019,1,2022,0,12.340327480263326,0.0
84,2020,1,2022,0,12.605262112930252,0.0
84,2021,1,2022,0,12.182801760380352,0.0
84,2022,1,2022,1,14.848346573644061,2.0
84,2023,1,2022,1,14.959643793558357,2.2
85,2014,1,2022,0,10.096335574843279,0.0
85,2015,1,2022,0,11.53489451389214,0.0
85,2016,1,2022,0,10.66336974642056,0.0
85,2017,1,2022,0,10.186194446706427,0.0
85,2018,1,2022,0,10.591220263505868,0.0
85,2019,1,2022,0,10.703219537959857,0.0
85,2020,1,2022,0,11.339828777627785,0.0
85,2021,1,2022,0,11.2768168655259,0.0
85,2022,1,2022,1,13.345326134478723,2.0
85,2023,1,2022,1,14.123593101040257,2.2
86,2014,1,2022,0,13.096543463035475,0.0
86,2015,1,2022,0,13.184629717761267,0.0
86,2016,1,2022,0,13.33152001110347,0.0
86,2017,1,2022,0,13.534673116440244,0.0
86,2018,1,2022,0,12.272629111550403,0.0
86,2019,1,2022,0,13.244386656306894,0.0
86,2020,1,2022,0,12.436500750194387,0.0
86,2021,1,2022,0,13.64463574583802,0.0
86,2022,1,2022,1,15.724289296326951,2.0
86,2023,1,2022,1,16.549371919833963,2.2
87,2014,1,2018,0,8.21629108771486,0.0
87,2015,1,2018,0,7.823861415480481,0.0
87,2016,1,2018,0,7.572293352655849,0.0
87,2017,1,2018,0,8.165054447627167,0.0
87,2018,1,2018,1,9.758515072692141,2.0
87,2019,1,2018,1,10.321777565632624,2.2
87,2020,1,2018,1,11.115542049834682,2.4
87,2021,1,2018,1,10.643588218359586,2.6
87,2022,1,2018,1,11.625313210975548,2.8
87,2023,1,2018,1,11.86117457570045,3.0
88,2014,1,2020,0,8.243101025935093,0.0
88,2015,1,2020,0,9.307443998609205,0.0
88,2016,1,2020,0,9.269780107186255,0.0
88,2017,1,2020,0,9.071459878186834,0.0
88,2018,1,2020,0,8.739335205486679,0.0
88,2019,1,2020,0,8.79089392521272,0.0
88,2020,1,2020,1,11.051665646048992,2.0
88,2021,1,2020,1,11.891794166146484,2.2
88,2022,1,2020,1,11.442684350799807,2.4
88,2023,1,2020,1,12.43925305881044,2.6
89,2014,1,2020,0,7.525970352749754,0.0
89,2015,1,2020,0,8.144813824969525,0.0
89,2016,1,2020,0,8.401671994475954,0.0
89,2017,1,2020,0,9.669413189718409,0.0
89,2018,1,2020,0,7.858190289428767,0.0
89,2019,1,2020,0,9.382855400434018,0.0
89,2020,1,2020,1,10.82176932418259,2.0
89,2021,1,2020,1,11.252434076196932,2.2
89,2022,1,2020,1,11.406022073883054,2.4
89,2023,1,2020,1,11.869211526286566,2.6
90,2014,1,2020,0,9.143537841507454,0.0
90,2015,1,2020,0,10.047405484417192,0.0
90,2016,1,2020,0,9.192144821576102,0.0
90,2017,1,2020,0,10.086497679778088,0.0
90,2018,1,2020,0,9.298196833581953,0.0
90,2019,1,2020,0,9.69025447048782,0.0
90,2020,1,2020,1,11.284399117543353,2.0
90,2021,1,2020,1,12.347892253862224,2.2
90,2022,1,2020,1,13.142943372151732,2.4
90,2023,1,2020,1,12.681702303778037,2.6
91,2014,1,2018,0,7.148184855535428,0.0
91,2015,1,2018,0,6.789319223353418,0.0
91,2016,1,2018,0,7.331981378111228,0.0
91,2017,1,2018,0,6.7502305750266185,0.0
91,2018,1,2018,1,9.19018871152797,2.0
91,2019,1,2018,1,10.060020727941952,2.2
91,2020,1,2018,1,10.90613430375808,2.4
91,2021,1,2018,1,11.951233135502134,2.6
91,2022,1,2018,1,10.553335162351932,2.8
91,2023,1,2018,1,11.864277783210103,3.0
92,2014,1,2020,0,11.392178133829631,0.0
92,2015,1,2020,0,11.29467807025562,0.0
92,2016,1,2020,0,11.686599119491884,0.0
92,2017,1,2020,0,11.601260135468788,0.0
92,2018,1,2020,0,11.725499756434917,0.0
92,2019,1,2020,0,11.566135312215474,0.0
92,2020,1,2020,1,13.171247063729382,2.0
92,2021,1,2020,1,13.398489292367765,2.2
92,2022,1,2020,1,14.796924335269424,2.4
92,2023,1,2020,1,14.63195184858595,2.6
93,2014,1,2018,0,9.25751015597437,0.0
93,2015,1,2018,0,9.659807419164029,0.0
93,2016,1,2018,0,10.153020732260266,0.0
93,2017,1,2018,0,9.945736577315653,0.0
93,2018,1,2018,1,11.62752713748197,2.0
93,2019,1,2018,1,12.868701083626927,2.2
93,2020,1,2018,1,13.345147357293268,2.4
93,2021,1,2018,1,13.102832933463878,2.6
93,2022,1,2018,1,13.642386361474498,2.8
93,2023,1,2018,1,14.076534604209359,3.0
94,2014,1,2022,0,7.623437069196941,0.0
94,2015,1,2022,0,7.465436999550995,0.0
94,2016,1,2022,0,7.557560934532126,0.0
94,2017,1,2022,0,7.618217697667935,0.0
94,2018,1,2022,0,6.909718573721163,0.0
94,2019,1,2022,0,7.908748989424478,0.0
94,2020,1,2022,0,6.9804804254314075,0.0
94,2021,1,2022,0,7.361087683432157,0.0
94,2022,1,2022,1,10.510169944898728,2.0
94,2023,1,2022,1,10.578497492341784,2.2
95,2014,1,2022,0,8.712540982427848,0.0
95,2015,1,2022,0,7.93300464574127,0.0
95,2016,1,2022,0,7.592717416946532,0.0
95,2017,1,2022,0,8.148623239049746,0.0
95,2018,1,2022,0,8.419857486205204,0.0
95,2019,1,2022,0,8.508336195754922,0.0
95,2020,1,2022,0,9.135682076963267,0.0
95,2021,1,2022,0,8.488206625083192,0.0
95,2022,1,2022,1,10.944859073486379,2.0
95,2023,1,2022,1,10.574528262867613,2.2
96,2014,1,2022,0,10.852186333922297,0.0
96,2015,1,2022,0,10.72858196999321,0.0
96,2016,1,2022,0,10.452121025758132,0.0
96,2017,1,2022,0,10.809113013812965,0.0
96,2018,1,2022,0,10.93493982164278,0.0
96,2019,1,2022,0,10.991950130231844,0.0
96,2020,1,2022,0,12.112698316034233,0.0
96,2021,1,2022,0,11.27780469374645,0.0
96,2022,1,2022,1,13.305079639811723,2.0
96,2023,1,2022,1,12.678302216095322,2.2
97,2014,1,2022,0,11.229149459799023,0.0
97,2015,1,2022,0,11.644716423560586,0.0
97,2016,1,2022,0,11.53332679770044,0.0
97,2017,1,2022,0,12.667106932477662,0.0
97,2018,1,2022,0,11.993784248090654,0.0
97,2019,1,2022,0,12.820475260447889,0.0
97,2020,1,2022,0,12.307105452813946,0.0
97,2021,1,2022,0,12.39486705399955,0.0
97,2022,1,2022,1,14.431854911932513,2.0
97,2023,1,2022,1,14.778151261599493,2.2
98,2014,1,2020,0,14.852859284908503,0.0
98,2015,1,2020,0,12.933656420007964,0.0
98,2016,1,2020,0,13.192688911164232,0.0
98,2017,1,2020,0,14.021876367855517,0.0
98,2018,1,2020,0,14.400725724352357,0.0
98,2019,1,2020,0,14.83851399576558,0.0
98,2020,1,2020,1,16.830005382397314,2.0
98,2021,1,2020,1,16.701338826943285,2.2
98,2022,1,2020,1,17.702983630004454,2.4
98,2023,1,2020,1,18.00855948495994,2.6
99,2014,1,2022,0,15.919753847650442,0.0
99,2015,1,2022,0,16.40905371825808,0.0
99,2016,1,2022,0,16.164047563730726,0.0
99,2017,1,2022,0,15.846983418623216,0.0
99,2018,1,2022,0,16.576633351514662,0.0
99,2019,1,2022,0,16.383031493304,0.0
99,2020,1,2022,0,16.428394855391904,0.0
99,2021,1,2022,0,17.264201718109447,0.0
99,2022,1,2022,1,17.402288867744616,2.0
99,2023,1,2022,1,18.218882846934875,2.2
100,2014,1,2020,0,10.235283653364808,0.0
100,2015,1,2020,0,10.74718854276759,0.0
100,2016,1,2020,0,10.901514781668977,0.0
100,2017,1,2020,0,10.37515604266547,0.0
100,2018,1,2020,0,10.73623985039658,0.0
100,2019,1,2020,0,10.898398027290208,0.0
100,2020,1,2020,1,14.65753091258994,2.0
100,2021,1,2020,1,14.629689840425566,2.2
100,2022,1,2020,1,13.822944157709669,2.4
100,2023,1,2020,1,14.147027221398593,2.6
101,2014,1,2018,0,7.446321761342125,0.0
101,2015,1,2018,0,7.166858553323638,0.0
101,2016,1,2018,0,8.16248366673201,0.0
101,2017,1,2018,0,7.82199776831426,0.0
101,2018,1,2018,1,10.378498494105267,2.0
101,2019,1,2018,1,9.920820835414535,2.2
101,2020,1,2018,1,10.639936530781142,2.4
101,2021,1,2018,1,11.395237307587687,2.6
101,2022,1,2018,1,11.80402855882824,2.8
101,2023,1,2018,1,12.129659739307279,3.0
102,2014,1,2022,0,5.075662946458863,0.0
102,2015,1,2022,0,6.263250303605162,0.0
102,2016,1,2022,0,5.535801590236456,0.0
102,2017,1,2022,0,6.352336395841035,0.0
102,2018,1,2022,0,6.130588100228286,0.0
102,2019,1,2022,0,5.5477136889984076,0.0
102,2020,1,2022,0,6.177808586246787,0.0
102,2021,1,2022,0,6.618589309569265,0.0
102,2022,1,2022,1,8.842390128774682,2.0
102,2023,1,2022,1,8.765413489815174,2.2
103,2014,1,2020,0,11.301312369988198,0.0
103,2015,1,2020,0,11.13917831018095,0.0
103,2016,1,2020,0,10.607095866487795,0.0
103,2017,1,2020,0,11.210483830756145,0.0
103,2018,1,2020,0,11.902319667281764,0.0
103,2019,1,2020,0,12.015665225079184,0.0
103,2020,1,2020,1,12.521422984276422,2.0
103,2021,1,2020,1,12.972156369109095,2.2
103,2022,1,2020,1,14.477882318054597,2.4
103,2023,1,2020,1,13.506282399268851,2.6
104,2014,1,2018,0,7.712847242733508,0.0
104,2015,1,2018,0,8.231020744029824,0.0
104,2016,1,2018,0,8.78423116411664,0.0
104,2017,1,2018,0,8.6229194560738,0.0
104,2018,1,2018,1,10.448835999176552,2.0
104,2019,1,2018,1,10.737011578517095,2.2
104,2020,1,2018,1,11.017949277172994,2.4
104,2021,1,2018,1,11.234362995049874,2.6
104,2022,1,2018,1,13.114934248017377,2.8
104,2023,1,2018,1,12.422873344972125,3.0
105,2014,1,2020,0,9.612665006842999,0.0
105,2015,1,2020,0,9.024746745581167,0.0
105,2016,1,2020,0,9.276307141047605,0.0
105,2017,1,2020,0,9.112508488955452,0.0
105,2018,1,2020,0,8.243431312181029,0.0
105,2019,1,2020,0,8.980280841216697,0.0
105,2020,1,2020,1,10.863976139650433,2.0
105,2021,1,2020,1,10.944393590664827,2.2
105,2022,1,2020,1,11.77160599249158,2.4
105,2023,1,2020,1,13.331763319331445,2.6
106,2014,1,2022,0,8.753588318028207,0.0
106,2015,1,2022,0,9.52108828304097,0.0
106,2016,1,2022,0,9.18129769033082,0.0
106,2017,1,2022,0,9.467085814737965,0.0
106,2018,1,2022,0,8.725357904228098,0.0
106,2019,1,2022,0,9.53778187897672,0.0
106,2020,1,2022,0,9.740163518917557,0.0
106,2021,1,2022,0,9.187482755763536,0.0
106,2022,1,2022,1,11.855576587188468,2.0
106,2023,1,2022,1,12.158900281167803,2.2
107,2014,1,2018,0,9.443641916602187,0.0
107,2015,1,2018,0,9.257034011031731,0.0
107,2016,1,2018,0,9.326354061218092,0.0
107,2017,1,2018,0,10.06167099812796,0.0
107,2018,1,2018,1,12.281923161561886,2.0
107,2019,1,2018,1,12.022155311938272,2.2
107,2020,1,2018,1,12.731710897830277,2.4
107,2021,1,2018,1,13.30368674523647,2.6
107,2022,1,2018,1,13.627513584499878,2.8
107,2023,1,2018,1,14.394358287228474,3.0
108,2014,1,2020,0,12.770450877674309,0.0
108,2015,1,2020,0,11.731314745197015,0.0
108,2016,1,2020,0,13.173753566344299,0.0
108,2017,1,2020,0,12.166472209297432,0.0
108,2018,1,2020,0,13.054396867802502,0.0
108,2019,1,2020,0,12.665953774600831,0.0
108,2020,1,2020,1,14.525885772346804,2.0
108,2021,1,2020,1,14.128112031687822,2.2
108,2022,1,2020,1,15.246178206467114,2.4
108,2023,1,2020,1,14.852268843922483,2.6
109,2014,1,2018,0,10.797746752812076,0.0
109,2015,1,2018,0,11.172493463460313,0.0
109,2016,1,2018,0,10.115641640242343,0.0
109,2017,1,2018,0,10.765082506150325,0.0
109,2018,1,2018,1,12.351401373886702,2.0
109,2019,1,2018,1,12.699854769822295,2.2
109,2020,1,2018,1,13.701344486823375,2.4
109,2021,1,2018,1,13.594828003968981,2.6
109,2022,1,2018,1,14.783921155856195,2.8
109,2023,1,2018,1,13.972980895539228,3.0
110,2014,1,2022,0,10.182398492159868,0.0
110,2015,1,2022,0,9.831437032401514,0.0
110,2016,1,2022,0,10.280619330794739,0.0
110,2017,1,2022,0,9.759151497257651,0.0
110,2018,1,2022,0,10.057950907146832,0.0
110,2019,1,2022,0,10.124980886273155,0.0
110,2020,1,2022,0,9.86470176849973,0.0
110,2021,1,2022,0,10.713771093213499,0.0
110,2022,1,2022,1,12.807854828711806,2.0
110,2023,1,2022,1,13.079507673375408,2.2
111,2014,1,2020,0,8.6971753213072,0.0
111,2015,1,2020,0,8.753364894966529,0.0
111,2016,1,2020,0,7.941220149423809,0.0
111,2017,1,2020,0,8.415218653565468,0.0
111,2018,1,2020,0,8.016892149719272,0.0
111,2019,1,2020,0,8.440370152405656,0.0
111,2020,1,2020,1,10.228817769788945,2.0
111,2021,1,2020,1,11.638727648916403,2.2
111,2022,1,2020,1,11.31054156951986,2.4
111,2023,1,2020,1,11.319677930296166,2.6
112,2014,1,2018,0,7.247443396519474,0.0
112,2015,1,2018,0,5.6653264056935795,0.0
112,2016,1,2018,0,5.8435828131586405,0.0
112,2017,1,2018,0,7.348553438201172,0.0
112,2018,1,2018,1,9.08086833464997,2.0
112,2019,1,2018,1,9.475857260721668,2.2
112,2020,1,2018,1,8.987436058932012,2.4
112,2021,1,2018,1,9.939017255166103,2.6
112,2022,1,2018,1,11.252388815791956,2.8
112,2023,1,2018,1,10.962733920489217,3.0
113,2014,1,2018,0,9.112237454424745,0.0
113,2015,1,2018,0,8.90785722680087,0.0
113,2016,1,2018,0,9.030097755918641,0.0
113,2017,1,2018,0,8.26278523725333,0.0
113,2018,1,2018,1,11.55620439231392,2.0
113,2019,1,2018,1,12.150125736094266,2.2
113,2020,1,2018,1,11.239574518268032,2.4
113,2021,1,2018,1,11.996675735699931,2.6
113,2022,1,2018,1,12.04865186573663,2.8
113,2023,1,2018,1,12.444708584448957,3.0
114,2014,1,2020,0,9.919175711774308,0.0
114,2015,1,2020,0,8.950233820869121,0.0
114,2016,1,2020,0,10.39957011754189,0.0
114,2017,1,2020,0,10.5693624333302,0.0
114,2018,1,2020,0,10.166883604344903,0.0
114,2019,1,2020,0,9.152080643371088,0.0
114,2020,1,2020,1,11.994225585362164,2.0
114,2021,1,2020,1,13.408885865414705,2.2
114,2022,1,2020,1,11.703437757999072,2.4
114,2023,1,2020,1,13.218673192266598,2.6
115,2014,1,2022,0,12.945859437926135,0.0
115,2015,1,2022,0,14.038144977952182,0.0
115,2016,1,2022,0,13.398302851088033,0.0
115,2017,1,2022,0,14.037836837527571,0.0
115,2018,1,2022,0,14.218590036744311,0.0
115,2019,1,2022,0,14.953972747024775,0.0
115,2020,1,2022,0,14.03438885532208,0.0
115,2021,1,2022,0,14.42388201197107,0.0
115,2022,1,2022,1,15.593332087596048,2.0
115,2023,1,2022,1,17.23106660880664,2.2
116,2014,1,2022,0,9.88029461891009,0.0
116,2015,1,2022,0,10.080171960901898,0.0
116,2016,1,2022,0,10.449425145521166,0.0
116,2017,1,2022,0,9.779106870275848,0.0
116,2018,1,2022,0,10.774934057410242,0.0
116,2019,1,2022,0,11.244282179408279,0.0
116,2020,1,2022,0,11.007015954694419,0.0
116,2021,1,2022,0,10.166100260856409,0.0
116,2022,1,2022,1,12.998644395780943,2.0
116,2023,1,2022,1,13.73156349443552,2.2
117,2014,1,2020,0,11.02648463906316,0.0
117,2015,1,2020,0,11.528096015137256,0.0
117,2016,1,2020,0,12.603750824086873,0.0
117,2017,1,2020,0,12.400526739144759,0.0
117,2018,1,2020,0,12.571464813109491,0.0
117,2019,1,2020,0,13.39522642585777,0.0
117,2020,1,2020,1,14.799755411299216,2.0
117,2021,1,2020,1,15.194423027262703,2.2
117,2022,1,2020,1,16.520851785655278,2.4
117,2023,1,2020,1,15.358576743000869,2.6
118,2014,1,2018,0,8.602467421112447,0.0
118,2015,1,2018,0,9.31530700204526,0.0
118,2016,1,2018,0,9.420904317616142,0.0
118,2017,1,2018,0,9.038051106948592,0.0
118,2018,1,2018,1,10.885210293144272,2.0
118,2019,1,2018,1,12.856331013966733,2.2
118,2020,1,2018,1,12.164830538115707,2.4
118,2021,1,2018,1,11.935266112220656,2.6
118,2022,1,2018,1,13.059373954061495,2.8
118,2023,1,2018,1,12.846836227141027,3.0
119,2014,1,2022,0,7.503671744007035,0.0
119,2015,1,2022,0,8.011248903123198,0.0
119,2016,1,2022,0,7.184171333050106,0.0
119,2017,1,2022,0,8.106426069124536,0.0
119,2018,1,2022,0,8.986589871031827,0.0
119,2019,1,2022,0,8.363201298264606,0.0
119,2020,1,2022,0,8.042006415274217,0.0
119,2021,1,2022,0,8.07655982695183,0.0
119,2022,1,2022,1,10.224942480493397,2.0
119,2023,1,2022,1,10.603131128142062,2.2
